{
  "controllers": [
    "feedforward",
    "recurrent"
  ],
  "regimes": [
    "colony",
    "hybrid",
    "individual"
  ],
  "feedforward_MI_colony": 0.0025285585418980483,
  "feedforward_MI_individual": 0.005210033922230122,
  "feedforward_MI_p_colony_gt_ind": 0.8634818301244058,
  "feedforward_colony_value_pct": 7.4931383067973645,
  "feedforward_colony_p_on_gt_abl": 9.133589555477501e-05,
  "feedforward_hybrid_value_pct": 24.057345455056243,
  "feedforward_hybrid_p_on_gt_abl": 0.0008531246844597983,
  "feedforward_individual_value_pct": 2.728580941609593,
  "feedforward_individual_p_on_gt_abl": 0.032011050641513446,
  "recurrent_MI_colony": 0.004577077858253222,
  "recurrent_MI_individual": 0.016113886186839923,
  "recurrent_MI_p_colony_gt_ind": 0.9070616338170621,
  "recurrent_colony_value_pct": -5.147199743422249,
  "recurrent_colony_p_on_gt_abl": 0.9811823431063429,
  "recurrent_hybrid_value_pct": -12.624978332417047,
  "recurrent_hybrid_p_on_gt_abl": 0.9996157305434186,
  "recurrent_individual_value_pct": 3.0212204578727864,
  "recurrent_individual_p_on_gt_abl": 0.3956683900503302
}